Workbook

Sheet pivot table 
A3: Department | B3: Count of Patient ID | C3: Sum of Bill Amount ($) | D3: Average of Age
A4: Cardiology | B4: 4 | C4: 200000 | D4: 41.5
A5: General | B5: 3 | C5: 36500 | D5: 24
A6: Neurology | B6: 3 | C6: 201000 | D6: 46.333333
A7: Oncology | B7: 2 | C7: 183000 | D7: 55
A8: Orthopedics | B8: 3 | C8: 98000 | D8: 36.333333
A9: Grand Total | B9: 15 | C9: 718500 | D9: 39.733333

Sheet Patient_Database
A1: 🏥 CITY GENERAL HOSPITAL — PATIENT DATABASE
A2: Patient ID | B2: Patient Name | C2: Age | D2: Department | E2: Doctor Assigned | F2: Blood Group | G2: Admission Date | H2: Bill Amount ($) | I2: Staff ID Badge | J2: Email | K2: Full Pateint profile | L2: Doctor Info
A3: P001 | B3: Aarav Sharma | C3: 34 | D3: Cardiology | E3: Dr. Mehta | F3: A+ | G3: 2024-01-05 | H3: 45000 | I3: ="CGH-"& E3 & "-" & UPPER(D3) -> CGH-Dr. Mehta-CARDIOLOGY | J3: =LOWER(SUBSTITUTE(B3," ",".")&"@gmail.com") -> aarav.sharma@gmail.com | K3: =B3&"| ""age"&C3&"|"&D3 -> Aarav Sharma| "age34|Cardiology | L3: =E3 & "-" & D3 -> Dr. Mehta-Cardiology
A4: P002 | B4: Priya Patel | C4: 27 | D4: Orthopedics | E4: Dr. Singh | F4: B+ | G4: 2024-01-08 | H4: 28000 | I4: ="CGH-"& E4 & "-" & UPPER(D4) -> CGH-Dr. Singh-ORTHOPEDICS | J4: =LOWER(SUBSTITUTE(B4," ",".")&"@gmail.com") -> priya.patel@gmail.com | K4: =B4&"| ""age"&C4&"|"&D4 -> Priya Patel| "age27|Orthopedics | L4: =E4 & "-" & D4 -> Dr. Singh-Orthopedics
A5: P003 | B5: Rohan Verma | C5: 52 | D5: Neurology | E5: Dr. Kapoor | F5: O+ | G5: 2024-01-10 | H5: 72000 | I5: ="CGH-"& E5 & "-" & UPPER(D5) -> CGH-Dr. Kapoor-NEUROLOGY | J5: =LOWER(SUBSTITUTE(B5," ",".")&"@gmail.com") -> rohan.verma@gmail.com | K5: =B5&"| ""age"&C5&"|"&D5 -> Rohan Verma| "age52|Neurology | L5: =E5 & "-" & D5 -> Dr. Kapoor-Neurology
A6: P004 | B6: Sneha Gupta | C6: 41 | D6: Cardiology | E6: Dr. Mehta | F6: AB- | G6: 2024-01-12 | H6: 55000 | I6: ="CGH-"& E6 & "-" & UPPER(D6) -> CGH-Dr. Mehta-CARDIOLOGY | J6: =LOWER(SUBSTITUTE(B6," ",".")&"@gmail.com") -> sneha.gupta@gmail.com | K6: =B6&"| ""age"&C6&"|"&D6 -> Sneha Gupta| "age41|Cardiology | L6: =E6 & "-" & D6 -> Dr. Mehta-Cardiology
A7: P005 | B7: Karan Malhotra | C7: 19 | D7: General | E7: Dr. Joshi | F7: A- | G7: 2024-01-15 | H7: 12000 | I7: ="CGH-"& E7 & "-" & UPPER(D7) -> CGH-Dr. Joshi-GENERAL | J7: =LOWER(SUBSTITUTE(B7," ",".")&"@gmail.com") -> karan.malhotra@gmail.com | K7: =B7&"| ""age"&C7&"|"&D7 -> Karan Malhotra| "age19|General | L7: =E7 & "-" & D7 -> Dr. Joshi-General
A8: P006 | B8: Anjali Desai | C8: 63 | D8: Oncology | E8: Dr. Rao | F8: B- | G8: 2024-01-18 | H8: 95000 | I8: ="CGH-"& E8 & "-" & UPPER(D8) -> CGH-Dr. Rao-ONCOLOGY | J8: =LOWER(SUBSTITUTE(B8," ",".")&"@gmail.com") -> anjali.desai@gmail.com | K8: =B8&"| ""age"&C8&"|"&D8 -> Anjali Desai| "age63|Oncology | L8: =E8 & "-" & D8 -> Dr. Rao-Oncology
A9: P007 | B9: Vikram Nair | C9: 38 | D9: Orthopedics | E9: Dr. Singh | F9: O+ | G9: 2024-01-20 | H9: 33000 | I9: ="CGH-"& E9 & "-" & UPPER(D9) -> CGH-Dr. Singh-ORTHOPEDICS | J9: =LOWER(SUBSTITUTE(B9," ",".")&"@gmail.com") -> vikram.nair@gmail.com | K9: =B9&"| ""age"&C9&"|"&D9 -> Vikram Nair| "age38|Orthopedics | L9: =E9 & "-" & D9 -> Dr. Singh-Orthopedics
A10: P008 | B10: Meera Iyer | C10: 29 | D10: Neurology | E10: Dr. Kapoor | F10: A+ | G10: 2024-01-22 | H10: 61000 | I10: ="CGH-"& E10 & "-" & UPPER(D10) -> CGH-Dr. Kapoor-NEUROLOGY | J10: =LOWER(SUBSTITUTE(B10," ",".")&"@gmail.com") -> meera.iyer@gmail.com | K10: =B10&"| ""age"&C10&"|"&D10 -> Meera Iyer| "age29|Neurology | L10: =E10 & "-" & D10 -> Dr. Kapoor-Neurology
A11: P009 | B11: Arjun Reddy | C11: 47 | D11: Oncology | E11: Dr. Rao | F11: AB+ | G11: 2024-01-25 | H11: 88000 | I11: ="CGH-"& E11 & "-" & UPPER(D11) -> CGH-Dr. Rao-ONCOLOGY | J11: =LOWER(SUBSTITUTE(B11," ",".")&"@gmail.com") -> arjun.reddy@gmail.com | K11: =B11&"| ""age"&C11&"|"&D11 -> Arjun Reddy| "age47|Oncology | L11: =E11 & "-" & D11 -> Dr. Rao-Oncology
A12: P010 | B12: Kavya Nambiar | C12: 55 | D12: Cardiology | E12: Dr. Mehta | F12: O- | G12: 2024-01-28 | H12: 49000 | I12: ="CGH-"& E12 & "-" & UPPER(D12) -> CGH-Dr. Mehta-CARDIOLOGY | J12: =LOWER(SUBSTITUTE(B12," ",".")&"@gmail.com") -> kavya.nambiar@gmail.com | K12: =B12&"| ""age"&C12&"|"&D12 -> Kavya Nambiar| "age55|Cardiology | L12: =E12 & "-" & D12 -> Dr. Mehta-Cardiology
A13: P011 | B13: Suresh Kumar | C13: 31 | D13: General | E13: Dr. Joshi | F13: B+ | G13: 2024-02-01 | H13: 15000 | I13: ="CGH-"& E13 & "-" & UPPER(D13) -> CGH-Dr. Joshi-GENERAL | J13: =LOWER(SUBSTITUTE(B13," ",".")&"@gmail.com") -> suresh.kumar@gmail.com | K13: =B13&"| ""age"&C13&"|"&D13 -> Suresh Kumar| "age31|General | L13: =E13 & "-" & D13 -> Dr. Joshi-General
A14: P012 | B14: Divya Menon | C14: 44 | D14: Orthopedics | E14: Dr. Singh | F14: A+ | G14: 2024-02-03 | H14: 37000 | I14: ="CGH-"& E14 & "-" & UPPER(D14) -> CGH-Dr. Singh-ORTHOPEDICS | J14: =LOWER(SUBSTITUTE(B14," ",".")&"@gmail.com") -> divya.menon@gmail.com | K14: =B14&"| ""age"&C14&"|"&D14 -> Divya Menon| "age44|Orthopedics | L14: =E14 & "-" & D14 -> Dr. Singh-Orthopedics
... A17: P015 | B17: Nikhil Bose | C17: 36 | D17: Cardiology | E17: Dr. Mehta | F17: A- | G17: 2024-02-10 | H17: 51000 | I17: ="CGH-"& E17 & "-" & UPPER(D17) -> CGH-Dr. Mehta-CARDIOLOGY | J17: =LOWER(SUBSTITUTE(B17," ",".")&"@gmail.com") -> nikhil.bose@gmail.com | K17: =B17&"| ""age"&C17&"|"&D17 -> Nikhil Bose| "age36|Cardiology | L17: =E17 & "-" & D17 -> Dr. Mehta-Cardiology

Sheet VLOOKUP_Practice
A1: 📘 VLOOKUP — Syntax, Rules & Practice
A3: SYNTAX: =VLOOKUP( lookup_value, table_array, col_index_num, [range_lookup] )
A4: ✔ | B4: lookup_value | C4: The value you want to find (e.g. Patient ID like P003)
A5: ✔ | B5: table_array | C5: The full table range — FIRST column MUST contain the lookup value
A6: ✔ | B6: col_index_num | C6: Which column number to return (1=first col, 2=second col, …)
A7: ✔ | B7: range_lookup | C7: FALSE = exact match (always use this!) | TRUE = approximate match
A8: ⚠ | B8: Key Limit | C8: VLOOKUP can only look LEFT → RIGHT. Cannot return a column to the LEFT of lookup column.
A10: 🔍 PRACTICE ZONE — Enter a Patient ID in C12 to auto-fill all details
A11: Patient ID (type here) → | C11: Patient Name | D11: Age | E11: Department | F11: Doctor | G11: Bill Amount ($)
A12: P005 | C12: =IFERROR(VLOOKUP(A12,Patient_Database!$A$3:$H$17,2,FALSE()),"Not Found") -> Karan Malhotra | D12: =IFERROR(VLOOKUP(A12,Patient_Database!$A$3:$H$17,3,FALSE()),"Not Found") -> 19 | E12: =IFERROR(VLOOKUP(A12,Patient_Database!$A$3:$H$17,4,FALSE()),"Not Found") -> General | F12: =IFERROR(VLOOKUP(A12,Patient_Database!$A$3:$H$17,5,FALSE()),"Not Found") -> Dr. Joshi | G12: =IFERROR(VLOOKUP(A12,Patient_Database!$A$3:$H$17,8,FALSE()),"Not Found") -> 12000
A15: 📝 FORMULA BREAKDOWN (read to understand each part)
A16: Formula Used (Name) | B16: VLOOKUP( A12, Patient_Database!$A$3:$H$17, 2, FALSE )
A17: lookup_value | B17: A12 → the Patient ID you typed
A18: table_array | B18: Patient_Database!$A$3:$H$17 → entire patient table (locked with $)
A19: col_index_num | B19: 2 = Patient Name | 3 = Age | 4 = Department | 5 = Doctor | 8 = Bill
A20: range_lookup | B20: FALSE = exact match — always use FALSE in real work
A21: IFERROR wrapper | B21: IFERROR(...,"Not Found") — shows clean message if ID not found

Sheet XLOOKUP_Practice
A1: 📗 XLOOKUP — Syntax, Rules & Practice (Excel 365 / 2019+)
A3: SYNTAX: =XLOOKUP( lookup_value, lookup_array, return_array, [if_not_found], [match_mode], [search_mode] )
A4: ✔ | B4: lookup_value | C4: The value to search for (e.g. Patient ID P007)
A5: ✔ | B5: lookup_array | C5: The single column/row to search IN (just the ID column)
A6: ✔ | B6: return_array | C6: The column(s) to return — can be ANY column, even to the LEFT!
A7: ✔ | B7: if_not_found | C7: Text shown when not found — e.g. "Patient Not Found" (replaces IFERROR)
A8: ✔ | B8: match_mode | C8: 0 = exact match (default) | -1 = exact or next smaller | 1 = exact or next larger
A9: ✔ | B9: search_mode | C9: 1 = first to last (default) | -1 = last to first | 2 = binary search
A10: ⭐ | B10: vs VLOOKUP | C10: No col_index_num needed! Searches any direction. Much more flexible.
A12: 🔍 PRACTICE ZONE — Enter a Patient ID in A14 to see XLOOKUP in action
A13: Patient ID → | B13: Patient Name | C13: Age | D13: Department | E13: Doctor | F13: Blood Group | G13: Admission Date | H13: Bill ($)
A14: P009 | B14: XLOOKUP(A14, $A$3:$A$17, $B$3:$B$17, "Not Found") | C14: XLOOKUP(A14, $A$3:$A$17, $C$3:$C$17, "Not Found") | D14: XLOOKUP(A14, $A$3:$A$17, $D$3:$D$17, "Not Found") | E14: XLOOKUP(A14, $A$3:$A$17, $E$3:$E$17, "Not Found") | F14: XLOOKUP(A14, $A$3:$A$17, $F$3:$F$17, "Not Found") | G14: XLOOKUP(A14, $A$3:$A$17, $G$3:$G$17, "Not Found") | H14: XLOOKUP(A14, $A$3:$A$17, $H$3:$H$17, "Not Found")
A17: 📝 FORMULA BREAKDOWN
A18: Formula Used (Name) | B18: XLOOKUP( A14, Patient_Database!$A$3:$A$17, Patient_Database!$B$3:$B$17, "Not Found" )
A19: lookup_value | B19: A14 → Patient ID entered by user
A20: lookup_array | B20: Patient_Database!$A$3:$A$17 → only the ID column (single column)
A21: return_array | B21: Patient_Database!$B$3:$B$17 → the column you want returned — change per field
A22: if_not_found | B22: "Not Found" → built-in error handling, no IFERROR needed
A23: Key Advantage 1 | B23: return_array can be ANY column — left, right, doesn't matter!
A24: Key Advantage 2 | B24: You can return MULTIPLE columns at once with a wider return_array range
A25: Key Advantage 3 | B25: search_mode = -1 finds the LAST match (impossible with VLOOKUP)

Sheet Comparison_InterviewQA
A1: ⚔️ VLOOKUP vs XLOOKUP — Side-by-Side Comparison + Interview Q&A
A3: Feature | B3: VLOOKUP | C3: XLOOKUP | D3: Winner | E3: Winner
A4: Search Direction | B4: Left → Right only | C4: Any direction (left, right, up, down) | D4: XLOOKUP ⭐
A5: Lookup Column Position | B5: Must be 1st column of table_array | C5: Lookup array = any single column
A6: Error Handling | B6: Need IFERROR wrapper | C6: Built-in if_not_found argument
A7: Column Reference | B7: col_index_num — breaks if cols added | C7: Direct range — auto-adjusts
A8: Multiple Columns Return | B8: One column at a time | C8: Can return a range of columns at once
A9: Last Match / Reverse | B9: Not possible | C9: search_mode = -1
A10: Excel Version | B10: All versions (2003+) | C10: Excel 365 / 2019+ only
A11: Familiarity | B11: Everyone knows it | C11: Newer — some may not know
A12: Performance | B12: Slightly faster on huge datasets | C12: Comparable on most datasets
A15: 🎯 TOP INTERVIEW QUESTIONS & IDEAL ANSWERS
A16: Q1: What is the main difference between VLOOKUP and XLOOKUP?
A17: ✅ XLOOKUP is more flexible — it can search in any direction, doesn't require the lookup column to be first, has built-in error handling, and can return multiple columns. VLOOKUP only works left-to-right and needs IFERROR separately.
A18: Q2: Why do we use FALSE in VLOOKUP?
A19: ✅ FALSE means exact match. If we use TRUE, it does approximate match which can return wrong results. In real-world data like IDs or names, we always need exact match, so FALSE is the safe default.
A20: Q3: What happens if VLOOKUP finds a duplicate?
A21: ✅ VLOOKUP always returns the FIRST matching value. If there are duplicates, you won't see them. XLOOKUP with search_mode=-1 can return the LAST match instead.
A22: Q4: Can VLOOKUP return a value from a column to the LEFT?
A23: ✅ No — that's its biggest limitation. VLOOKUP can only return columns to the RIGHT of the lookup column. XLOOKUP has no such restriction.
A24: Q5: What does IFERROR do with VLOOKUP?
A25: IFERROR wraps VLOOKUP so that if the lookup fails (ID not found), it shows "Not Found" instead of the ugly #N/A error. XLOOKUP has this built-in as the 4th argument - no wrapper needed.
A26: Q6: When would you still use VLOOKUP over XLOOKUP?
... A29: ✅ It's the column number to return in VLOOKUP. The risk: if someone inserts a new column in your table, the index shifts and your formula returns wrong data silently. XLOOKUP uses a direct range reference so it auto-adjusts.

Sheet Practice_Challenges
A1: 💪 SELF-PRACTICE CHALLENGES — Try These Yourself!
A3: Challenge 1 (VLOOKUP – Basic)
A4: 📌 TASK: Find the Blood Group of patient P006
A5: ✏️ Your Formula: | E5: 💡 Answer: | F5: VLOOKUP("P006", Patient_Database!$A$3:$H$17, 6, FALSE())
A7: Challenge 2 (VLOOKUP – With IFERROR)
A8: 📌 TASK: Look up Patient ID P999 (doesn't exist) and show 'Patient Not Found' instead of error
A9: ✏️ Your Formula: | E9: 💡 Answer: | F9: IFERROR(VLOOKUP("P999", Patient_Database!$A$3:$H$17, 2, FALSE()), "Patient Not Found")
A11: Challenge 3 (XLOOKUP – Basic)
A12: 📌 TASK: Find the Admission Date of patient P012 using XLOOKUP
A13: ✏️ Your Formula: | E13: 💡 Answer: | F13: xlookup("P012", Patient_Database!$A$3:$A$17, Patient_Database!$G$3:$G$17, "Not Found")
A15: Challenge 4 (XLOOKUP – Return Left Column)
A16: 📌 TASK: You have a doctor name 'Dr. Rao' — find which Department he works in (column is to the LEFT of Doctor column — impossible with VLOOKUP!)
A17: ✏️ Your Formula: | E17: 💡 Answer: | F17: xlookup("Dr. Rao", Patient_Database!$E$3:$E$17, Patient_Database!$D$3:$D$17, "Not Found")
A19: Challenge 5 (XLOOKUP – Last Match)
A20: 📌 TASK: Patient P001 and P010 are both in Cardiology under Dr. Mehta. Use search_mode=-1 to find the LAST bill amount in the Cardiology department.
A21: ✏️ Your Formula: | E21: 💡 Answer: | F21: xlookup("Cardiology", Patient_Database!$D$3:$D$17, Patient_Database!$H$3:$H$17, "Not Found", 0, -1)
A23: Challenge 6 (Bonus – VLOOKUP vs XLOOKUP)
A24: 📌 TASK: Write BOTH VLOOKUP and XLOOKUP formulas to find the Doctor for patient P008. Confirm both give the same result.
A25: ✏️ Your Formula: | E25: 💡 Answer: | F25: Answer: VLOOKUP: VLOOKUP("P008",Patient_Database!$A$3:$H$17,5,FALSE) | XLOOKUP: XLOOKUP("P008",Patient_Database!$A$3:$A$17,Patient_Database!$E$3:$E$17,"Not Found")
A27: 💡 PRO TIPS: Always lock ranges with $ | Use IFERROR with VLOOKUP | XLOOKUP is the future — learn both!

Sheet xlookup and vlookup
A1: 🏥 CITY GENERAL HOSPITAL — PATIENT DATABASE | J1: Column1 | K1: Column2 | L1: Column3 | M1: Column4 | N1: Column5 | O1: vlookup | P1: xlookup
A2: Patient ID | B2: Patient Name | C2: Age | D2: Department | E2: Doctor Assigned | F2: Blood Group | G2: Admission Date | H2: Bill Amount ($) | J2: blood gp of pateint p006 | K2: looking for patient p999 | L2: addmission date of patient p012 | M2: in which deopartment dr rao work | N2: for duplicate value | O2: find doctor for patient p003 | P2: find doctor for patient p003
A3: P001 | B3: Aarav Sharma | C3: 34 | D3: Cardiology | E3: Dr. Mehta | F3: A+ | G3: 45296 | H3: $45,000 | J3: =VLOOKUP(A8,$A$2:$H$17,6,FALSE()) -> B- | K3: =IFERROR(VLOOKUP("P999",$A$2:$H$17,2,FALSE()), "not found pateint") -> not found pateint | L3: =_xlfn.XLOOKUP(A14,$A$3:$A$17,$G$3:$G$17,"not found") -> 45325 | M3: {=_xlfn.XLOOKUP(E8,E3:E17,D3:D17,not found)} -> Oncology | N3: =_xlfn.XLOOKUP(D3,D3:D17,H3:H17,"not found ", 0,-1 ) -> $51,000 | O3: =VLOOKUP(A10,A2:H17,5,FALSE) -> Dr. Kapoor | P3: =_xlfn.XLOOKUP(A10,A3:A17,E3:E17,"not found") -> Dr. Kapoor
A4: P002 | B4: Priya Patel | C4: 27 | D4: Orthopedics | E4: Dr. Singh | F4: B+ | G4: 45299 | H4: $28,000
A5: P003 | B5: Rohan Verma | C5: 52 | D5: Neurology | E5: Dr. Kapoor | F5: O+ | G5: 45301 | H5: $72,000
A6: P004 | B6: Sneha Gupta | C6: 41 | D6: Cardiology | E6: Dr. Mehta | F6: AB- | G6: 45303 | H6: $55,000
A7: P005 | B7: Karan Malhotra | C7: 19 | D7: General | E7: Dr. Joshi | F7: A- | G7: 45306 | H7: $12,000
A8: P006 | B8: Anjali Desai | C8: 63 | D8: Oncology | E8: Dr. Rao | F8: B- | G8: 45309 | H8: $95,000
A9: P007 | B9: Vikram Nair | C9: 38 | D9: Orthopedics | E9: Dr. Singh | F9: O+ | G9: 45311 | H9: $33,000
A10: P008 | B10: Meera Iyer | C10: 29 | D10: Neurology | E10: Dr. Kapoor | F10: A+ | G10: 45313 | H10: $61,000
A11: P009 | B11: Arjun Reddy | C11: 47 | D11: Oncology | E11: Dr. Rao | F11: AB+ | G11: 45316 | H11: $88,000
A12: P010 | B12: Kavya Nambiar | C12: 55 | D12: Cardiology | E12: Dr. Mehta | F12: O- | G12: 45319 | H12: $49,000
A13: P011 | B13: Suresh Kumar | C13: 31 | D13: General | E13: Dr. Joshi | F13: B+ | G13: 45323 | H13: $15,000
A14: P012 | B14: Divya Menon | C14: 44 | D14: Orthopedics | E14: Dr. Singh | F14: A+ | G14: 45325 | H14: $37,000
A15: P013 | B15: Rajesh Pillai | C15: 58 | D15: Neurology | E15: Dr. Kapoor | F15: O+ | G15: 45328 | H15: $68,000
... A17: P015 | B17: Nikhil Bose | C17: 36 | D17: Cardiology | E17: Dr. Mehta | F17: A- | G17: 45332 | H17: $51,000
